4354081.824,2613280.948,795233.4325,2772434.514,1548909.951,1057835.065,766905.9779,1206234.537,2446.257558,2070.181353,1547.784019,2099.112304,8377846455,5999911170,3353889519,6168781452,5984176.04,4285650.836,2395635.371,4406272.466,102.1428571,62.14285714,0,77.14285714
4181521.574,2261090.508,986282.0809,2897395.135,1548469.314,1090234.881,816631.732,1318827.011,2413.655991,1985.935218,1609.626075,2131.936892,8156029339,5521514165,3627254540,6363216877,5825735.242,3943938.69,2590896.1,4545154.912,100.7142857,43.57142857,0,78.57142857
13241523.04,17246018.05,1593822.131,5589587.262,2850389.852,3108866.748,906160.9606,1816837.14,3863.731876,4353.39911,1792.415339,2684.744759,20899793618,26532917332,4497853846,10090996187,14928424.01,18952083.81,3212752.747,7207854.419,179.2857143,188.5714286,0,134.2857143
762569.2023,433020.4237,207840.0052,163720.2963,228240.5547,182951.1687,151398.8163,155820.6405,1567.331397,1463.590581,1354.374717,1346.830536,3439138790,2998936345,2568063224,2539533490,2456527.707,2142097.389,1834330.874,1813952.493,0,0,0,0
72630604.85,84807537.35,6821486.006,35389836.76,5309812.162,5688929.083,1773007.596,4557670.326,8651.816777,9326.967274,2912.798225,6083.117711,104795506965,121789245946,11878150896,51806049527,74853933.55,86992318.53,8484393.497,37004321.09,216.4285714,212.8571429,131.4285714,230.7142857
29384853.02,36904296.08,3357998.218,24092314.14,4195026.214,4486553.714,1346156.423,3862481.435,5568.575655,6205.257167,2239.670789,5059.232555,43412648755,53907303116,7022575342,35834167661,31009034.83,38505216.51,5016125.245,25595834.04,215.7142857,216.4285714,96.42857143,222.8571429
39147072.05,8904834.933,12347476.28,4156400.752,3815321.972,1757036.361,2175002.779,1286975.633,6385.927484,3246.615141,3741.491904,2424.057342,57092097761,14756713823,19598266331,8226475597,40780069.83,10540509.87,13998761.66,5876053.998,175.7142857,113.5714286,135.7142857,84.28571429
64858343.84,15202742.7,20834491.86,5255520.309,4686723.496,2161712.023,2721497.206,1503232.324,8151.921133,4105.660078,4737.082119,2606.668869,93035345411,23599022552,31415925798,9512611631,66453818.15,16856444.68,22439947,6794722.594,198.5714286,140.7142857,156.4285714,112.1428571
37210593.36,8053421.58,12875182.91,4464392.023,3496720.136,1691641.052,2005316.321,1332064.467,6231.06702,3118.563635,3804.293075,2460.421156,54356674696,13615614804,20261704121,8475141172,38826196.21,9725439.146,14472645.8,6053672.265,176.4285714,110,135.7142857,90.71428571
68383376.11,15446812.86,23041214.49,6269300.975,3881061.455,1820046.581,2229104.679,1371179.469,8365.950373,4132.97647,4967.541226,2805.827009,97984775899,23914092297,34547052163,11021731290,69989125.64,17081494.5,24676465.83,7872665.207,185,117.1428571,143.5714286,110
27511280.59,6144961.968,9570932.131,2781544.533,2505144.397,1221030.376,1470948.536,885181.9293,5397.930154,2792.560588,3345.929022,2097.181444,40792709927,10917752494,15673337429,6157438014,29137649.95,7798394.638,11195241.02,4398170.01,152.1428571,98.57142857,108.5714286,64.28571429
43129952.11,52374468.74,3822640.267,19759400.78,5106331.627,5366724.703,1524061.526,3421154.514,6670.426258,7331.568292,2332.536367,4624.112262,62292421050,75252651063,7617016265,29935379891,44494586.46,53751893.62,5440725.903,21382414.21,232.8571429,231.4285714,115,201.4285714
14639262.95,3581794.333,4783264.815,1687950.941,2319142.851,1121186.748,1325525.855,896609.6603,4035.67357,2290.492504,2532.315023,1831.257958,22801325626,7344898278,8977667125,4694907994,16286661.16,5246355.913,6412619.375,3353505.71,130.7142857,75,88.57142857,5
1972614.689,1042324.236,657230.0718,1510437.657,1192579.138,720573.9588,757903.8761,925231.6447,1897.942099,1638.156943,1512.632394,1761.611525,5043057895,3756981436,3203279465,4344585230,3602184.211,2683558.169,2288056.76,3103275.164,33.57142857,0,0,0
24750360.58,19834524.74,991375.913,2513333.585,1661556.22,1169353.288,720424.6754,1056561.319,5126.112821,4621.404885,1624.109734,2034.832375,36787845711,29900336353,3692825397,5796759910,26277032.65,21357383.11,2637732.427,4140542.793,108.5714286,53.57142857,0,51.42857143
10536376.76,7923980.35,1076984.451,2913639.594,1709026.359,1203544.321,879201.2191,1287720.417,3493.780721,3095.819199,1652.052394,2130.053935,17089105220,13417735122,3820987959,6351981672,12206503.73,9584096.515,2729277.114,4537129.766,107.8571429,70,0,84.28571429
92104.17959,101376.4873,95938.47774,91714.49675,119038.4072,121291.7486,100703.6072,103252.8314,1317.307506,1322.573635,1316.34534,1315.270209,2429418692,2448881427,2425871074,2421910011,1735299.065,1749201.019,1732765.053,1729935.722,0,0,0,0
19855572.82,25344935.37,2501369.328,10814360.63,3198979.088,3295488.24,1023162.788,2525203.876,4645.553299,5202.361152,2035.842441,3546.581817,30213631639,37890386179,5802516221,17609539621,21581165.46,27064561.56,4144654.444,12578242.59,177.1428571,172.1428571,75.71428571,169.2857143
44276192.3,39898350.15,4922608.676,11290860.8,1868316.507,1421699.773,698068.2216,1333589.157,6774.094986,6485.318344,2468.50356,3646.132293,64243708040,58883095637,8530913753,18611992980,45888362.89,42059354.03,6093509.823,13294280.7,133.5714286,85,12.14285714,70.71428571
3382588.456,3424890.547,446839.8204,1786688.697,1106917.04,1020450.607,457531.5834,852739.9316,2269.353961,2277.345389,1447.041745,1856.569449,7209954358,7260822829,2931501737,4825590169,5149967.399,5186302.02,2093929.812,3446850.12,64.28571429,63.57142857,0,17.85714286
8898748.131,6181526.735,1103582.82,10565390.26,2318102.244,1831922.074,762366.46,2664665.636,3232.918892,2769.342385,1677.85538,3489.019098,14632470390,10736960146,3941278145,17042555974,10451764.56,7669257.247,2815198.675,12173254.27,166.4285714,137.1428571,0,193.5714286
135662.3061,74617.18313,106132.6253,585885.4235,125002.9816,126388.7385,98090.74274,133267.1475,1330.347487,1314.721183,1314.426099,1493.250138,2477754212,2419888505,2418802358,3121714365,1769824.437,1728491.789,1727715.97,2229795.975,0,0,0,0
213003.3524,183933.3166,51596.98018,70701.43877,133272.5865,127352.2972,102346.0745,102855.9247,1343.562212,1330.801904,1303.236887,1313.870983,2527223183,2479447190,2377796939,2416759742,1805159.417,1771033.707,1698426.385,1726256.959,0,0,0,0
4970936.026,3586831.557,606584.756,1779824.315,1319107.763,1001897.757,594892.876,1067685.306,2567.087089,2282.622273,1498.047963,1853.855677,9225910573,7294510220,3141806780,4811493221,6589936.123,5210364.443,2244147.7,3436780.872,75,27.14285714,0,22.14285714
35464347.45,7026127.464,11793693.01,2911084.446,3583753.567,1579908.582,2073110.326,1049450.287,6093.604136,2950.577015,3665.252458,2133.05063,51984815908,12188266612,18807705813,6369866983,37132011.36,8705904.723,13434075.58,4549904.988,167.8571429,108.5714286,132.8571429,63.57142857
237856.7099,185187.5242,74429.02523,147029.2794,144834.51,123583.509,111396.5403,115479.6698,1372.1781,1352.197538,1310.46331,1338.35724,2636021835,2559813455,2404239720,2507680144,1882872.739,1828438.182,1717314.086,1791200.103,0,0,0,0
88891.94146,99312.05355,84512.21365,60714.48335,116462.6574,117152.4962,99445.95072,102934.1239,1312.744023,1319.282352,1311.682778,1303.846527,2412615618,2436708294,2408716395,2380022073,1723296.87,1740505.924,1720511.711,1700015.766,0,0,0,0
99591.70219,66465.51009,59912.12759,72578.02917,116039.6696,120091.223,95448.76519,97384.75589,1325.606088,1310.811369,1307.184853,1309.835807,2460124102,2405517024,2392225136,2401937779,1757231.501,1718226.446,1708732.24,1715669.842,0,0,0,0
3271352.134,1964325.437,833615.0851,2097055.066,1465125.378,1028313.334,826167.5154,1206300.927,2214.259339,1902.271725,1566.140196,1935.466321,6864122186,5066092801,3433913158,5244441830,4902944.419,3618637.715,2452795.113,3746029.879,91.42857143,22.85714286,0,58.57142857
81369.04345,68586.0997,99961.82134,89015.72666,119146.5739,116913.4024,95739.36597,103387.1733,1308.414713,1297.991857,1324.600459,1311.382017,2396728684,2358696007,2456392926,2407611911,1711949.06,1684782.862,1754566.375,1719722.793,0,0,0,0
134046.2368,74347.18118,82834.18226,86310.5272,115183.4881,114017.0639,97493.8685,100356.3945,1329.702606,1298.229386,1322.004192,1318.325159,2475352628,2359559353,2446773117,2433173714,1768109.02,1685399.538,1747695.084,1737981.224,0,0,0,0
34427687.23,44384958.99,3873853.118,16180242.1,4617538.377,4987398.617,1713704.1,3006422.696,6009.032619,6788.131545,2343.895717,4211.629991,50551862226,64510221816,7691385984,24832958052,36108473.02,46078729.87,5493847.131,17737827.18,212.1428571,210.7142857,126.4285714,189.2857143
4551027.725,1632469.647,1256781.189,698148.9776,1112986.904,628450.3442,589666.5617,476485.9305,2496.828541,1812.344723,1711.592953,1539.574091,8727813869,4598430753,4101370613,3318403735,6234152.763,3284593.395,2929550.438,2370288.382,88.57142857,0,0,0
19835053.37,4829006.595,6347315.632,1832770.673,2647775.071,1197819.977,1559901.012,909224.7372,4644.545768,2561.804612,2828.078197,1868.634704,30200527551,9187980020,11197236807,4888513919,21571805.39,6562842.872,7998026.291,3491795.656,144.2857143,90,109.2857143,12.14285714
45030267.48,40289826.96,5874055.337,39682515.99,5536698.693,4960238.441,2301464.621,5152939.349,6818.158168,6465.042291,2731.703025,6421.902725,65082193119,58515480561,10447081987,57737168453,46487280.8,41796771.83,7462201.419,41240834.61,266.4285714,229.2857143,174.2857143,248.5714286
2741562.049,1280287.227,929440.4678,2001052.134,1513696.748,871249.9494,951907.2836,1128357.071,2101.138714,1718.30162,1603.861497,1908.36424,6180697452,4133584638,3601320383,5098595704,4414783.894,2952560.456,2572371.702,3641854.074,83.57142857,0,0,40.71428571
71305634.95,93897491.45,7937422.472,30012323.15,5937567.923,6408499.722,1974691.14,3834424.92,8549.271852,9781.224902,3092.91719,5620.24004,102326068882,133941304820,13392591440,44221937352,73090049.2,95672360.59,9566136.743,31587098.11,231.4285714,225.7142857,151.4285714,225
5982750.632,3858369.855,1106069.896,3275418.695,1692995.527,1273777.601,893098.3449,1455344.549,2761.119904,2350.360138,1650.382291,2219.291796,10673296371,7733869893,3813266391,6895358509,7623783.122,5524192.78,2723761.708,4925256.078,112.8571429,83.57142857,0,92.85714286
23309421.31,6166296.372,6724392.376,2563166.593,2815246.036,1314092.448,1569277.924,889200.8785,4990.212803,2785.758977,2893.730722,2099.754225,34863113341,10864634306,11723148491,6172554926,24902223.81,7760453.076,8373677.494,4408967.805,153.5714286,100,107.8571429,5.714285714
3962067.94,4057474.016,4001144.796,3931802.799,568175.2631,563346.194,560219.7653,556896.4574,2319.464427,2336.305404,2328.917728,2312.263064,7531881316,7641652118,7593400897,7485184670,5379915.226,5458322.941,5423857.784,5346560.479,6.428571429,7.857142857,6.428571429,6.428571429
165381.953,94120.81215,127946.5809,178477.7663,321959.3908,182035.9214,227293.9074,220893.1244,1329.039393,1313.810227,1317.98641,1349.415964,2472883991,2416536239,2431923449,2549292823,1766345.708,1726097.314,1737088.178,1820923.445,0,0,0,0
25803576.48,5682605.457,7775939.306,1541239.402,3112064.711,1427399.782,1725805.459,889165.3962,5233.875375,2702.664434,3065.011578,1778.051455,38350832018,10226153062,13152014367,4426053765,27393451.44,7304395.044,9394295.976,3161466.975,169.2857143,102.1428571,112.8571429,0
9581475.086,4405044.695,2147409.676,5882292.74,2562742.618,1554171.473,1384806.707,1940087.909,3349.157532,2458.790417,1945.707074,2736.941119,15703598648,8463910442,5300086424,10487185362,11216856.18,6045650.316,3785776.017,7490846.687,175.7142857,104.2857143,57.14285714,140.7142857
6077442.468,3585281.191,1629856.784,4656318.546,2043709.726,1355819.331,1208393.638,1687750.484,2772.912315,2278.27847,1810.656656,2501.656954,10764659789,7266773900,4589868538,8761602520,7689042.707,5190552.785,3278477.527,6258287.514,137.1428571,86.42857143,0,113.5714286
22190537.53,22529951.11,3189527.083,18675023.09,3819299.112,3601713.016,1571214.669,3346878.966,4873.266987,4905.216695,2203.628399,4498.170326,33248223573,33685611151,6798369368,28326950797,23748731.12,24061150.82,4855978.12,20233536.28,215.7142857,187.1428571,107.1428571,212.1428571
4732485.073,2345395.168,1628157.441,2988301.094,1875266.489,1220387.147,1150669.507,1417775.211,2521.32465,1991.23653,1809.841708,2152.575182,8899909187,5551032085,4585737811,6487011878,6357077.991,3965022.918,3275527.008,4633579.913,132.8571429,72.85714286,0,91.42857143
374801.1174,208737.2691,277755.6186,274206.0679,511794.0927,275874.413,358297.1349,348842.0782,1415.40925,1353.649843,1387.522713,1382.11789,2804736684,2565315058,2695306990,2674349805,2003383.346,1832367.899,1925219.278,1910249.861,0,0,0,0
25204067.62,5279190.894,8289529.575,2724903.633,2879993.043,1318693.887,1675463.978,1028628.106,5183.456537,2629.556105,3157.385006,2086.221579,37615510338,9680391432,13956712103,6093248669,26868221.67,6914565.309,9969080.074,4352320.478,147.8571429,92.85714286,112.1428571,70
48101470.28,48049947.05,6712381.468,32741869.83,5998197.116,5606130.135,2460552.96,4742647.994,7052.042022,7049.27971,2887.478543,5861.916715,69623815358,69569282198,11672545273,48106894605,49731296.68,49692344.43,8337532.338,34362067.58,250.7142857,230,185,233.5714286
288876.8578,210639.0915,224882.7036,258172.2129,413745.0465,238102.7741,296565.6627,288255.1331,1396.72044,1366.811421,1367.697288,1381.463223,2731159184,2615442847,2618834220,2671816889,1950827.989,1868173.462,1870595.871,1908440.635,0,0,0,0
207484.8721,122529.6459,146527.4142,165001.5262,340236.3688,198970.032,243116.7755,233199.4268,1358.972107,1332.529892,1331.888525,1346.117457,2585527261,2485890277,2483497862,2536845092,1846805.187,1775635.912,1773927.044,1812032.209,0,0,0,0
24185406.95,22088909.81,3842827.318,25735296.41,3977520.604,3458249.01,1770932.809,4161952.263,5082.796856,4867.794846,2350.751894,5239.144128,36168753435,33173597327,7736448253,38428083675,25834823.88,23695426.66,5526034.466,27448631.2,226.4285714,195.7142857,135,235.7142857
25093438.62,5784774.008,7393634.823,1868746.109,3197119.285,1559185.605,1733271.37,960753.5898,5170.047518,2724.57181,3006.883193,1864.442158,37421147877,10392608170,12657885151,4866602384,26729391.34,7423291.55,9041346.537,3476144.56,177.1428571,124.2857143,130.7142857,9.285714286
440729.2296,258313.7984,258992.8894,259869.9061,470073.1442,262705.377,350512.842,313727.0197,1444.847927,1377.787276,1380.69151,1382.252457,2922619745,2657616888,2668832665,2674870598,2087585.532,1898297.777,1906309.047,1910621.855,0,0,0,0
32750879.97,36157001.59,4689106.268,21309414.85,4903195.901,4837282.08,2071059.223,3752338.87,5860.668265,6143.394489,2517.568943,4783.709913,48086405521,52837814179,8873414738,32037432738,34347432.52,37741295.84,6338153.384,22883880.53,233.5714286,215,155.7142857,212.1428571
48467998.65,11546859.45,13968065.79,3000333.434,4432777.77,2094610.109,2421668.722,1224285.774,7056.79872,3602.365549,3939.471258,2123.038263,69717771443,18167852570,21727207308,6310208054,49798408.17,12977037.55,15519433.79,4507291.467,205,145,154.2857143,85.71428571
160627.4923,91535.58225,128136.8545,158168.1711,325992.3879,196237.9999,235699.4243,226077.6046,1339.966808,1314.673271,1329.161029,1341.002418,2513715466,2419712135,2473336658,2517602480,1795511.047,1728365.811,1766669.041,1798287.486,0,0,0,0
248538.2685,126432.7701,170605.1904,190916.6669,381536.8246,234912.4657,274091.1344,271744.0546,1365.603796,1322.902863,1343.407503,1348.470235,2610823218,2450100779,2526641205,2545720765,1864873.727,1750071.985,1804743.718,1818371.975,0,0,0,0
159547.2651,102487.8344,128959.4558,182437.4118,307559.9445,186509.8229,211394.0177,216663.8782,1344.314963,1322.338274,1330.895437,1352.639103,2530055808,2448009916,2479795731,2561485559,1807182.72,1748578.511,1771282.665,1829632.542,0,0,0,0
11089654.71,2724749.372,3325063.275,1168244.193,2121134.343,1039918.352,1170015.821,767199.8249,3568.857465,2086.266525,2233.864159,1676.725174,17831441051,6093511218,6986208716,3935970233,12736743.61,4352508.013,4990149.083,2811407.309,130,69.28571429,82.14285714,0
31206852.67,33682558.54,4882632.643,20838733.47,4972746.048,4721484.372,2090146.088,3900361.113,5723.92042,5937.045191,2551.152844,4737.775161,45868570956,49347907834,9111733166,31425118869,32763264.97,35248505.6,6508380.833,22446513.48,239.2857143,224.2857143,157.1428571,224.2857143
54375578.36,58139018.73,7002581.386,40795018.78,6099876.536,5758643.187,2427959.913,5415644.755,7497.877813,7748.652984,2929.337083,6524.969041,78705440382,84058272297,12013422044,59605309379,56218171.7,60041623.07,8581015.745,42575220.98,254.2857143,235,187.1428571,242.1428571
2324397.921,1259904.933,613406.0883,1836373.131,1247992.476,841709.5009,668523.7382,1072716.748,1982.626855,1697.684068,1496.400828,1862.338909,5503132943,4034983672,3134901613,4855628697,3930809.245,2882131.195,2239215.438,3468306.212,65,0,0,27.85714286
4378273.579,2589798.239,827864.4974,2489107.615,1741309.956,1202138.002,862428.8827,1314184.002,2459.032481,2058.968095,1577.389019,2024.164354,8465577039,5935089462,3483418566,5736137862,6046840.742,4239349.616,2488156.119,4097241.33,124.2857143,70,0,80.71428571
38409991.66,46752504.44,4955852.547,17266486.79,4666314.869,4685413.774,1796658.44,3202385.273,6328.877865,6955.458213,2570.307547,4351.53443,56076573041,67729758541,9249073240,26510192655,40054695.03,48378398.96,6606480.886,18935851.9,220.7142857,212.1428571,139.2857143,196.4285714
4509521.98,2062350.018,1194198.993,2591961.914,1718432.106,1069504.18,953829.0016,1287807.754,2476.827146,1920.84317,1683.380609,2060.229242,8588541799,5165493878,3967278386,5942362341,6134672.713,3689638.484,2833770.276,4244544.529,110.7142857,44.28571429,0,73.57142857
22276129.91,23152357.79,3379747.326,16493446.88,4177820.613,3864838.098,1662440.145,3287761.887,4890.816407,4977.834286,2243.822175,4252.921027,33488119177,34690367845,7048633134,25322272169,23920085.13,24778834.17,5034737.953,18087337.26,218.5714286,202.8571429,117.1428571,197.8571429
12131624.59,3136969.199,3560673.618,1459000.137,2146138.668,1067542.128,1193168.99,814339.2857,3706.021274,2176.929954,2281.756929,1759.181563,19228431156,6634633632,7288980554,4332607682,13734593.68,4739024.023,5206414.681,3094719.773,140,76.42857143,88.57142857,0
27943404.91,6285140.664,8211199.365,1749065.554,3386433.547,1586274.79,1861962.132,929204.7922,5441.330827,2819.695471,3140.150003,1845.252738,41451313636,11130955571,13804758861,4766940732,29608081.17,7950682.551,9860542.044,3404957.665,177.1428571,110,123.5714286,11.42857143
5910057.236,2787280.312,1241491.057,3306736.254,1937546.55,1212836.025,1023059.572,1414420.575,2744.538578,2104.817248,1691.755079,2215.318229,10545488807,6202357908,4006849348,6870688800,7532492.005,4430255.648,2862035.249,4907634.857,135,78.57142857,0,92.85714286
18542088.83,3732702.952,5981470.521,1298883.716,2578717.542,1137970.073,1482935.516,743398.3039,4496.265239,2326.862421,2760.782345,1717.510769,28302961545,7580004219,10670686817,4129780537,20216401.1,5414288.728,7621919.155,2949843.241,145.7142857,80.71428571,103.5714286,0
4961493.439,2120059.053,1037188.924,1243062.44,1400843.839,922146.496,650587.6055,754892.6783,2561.73086,1934.810702,1629.864602,1690.980745,9187451000,5240889432,3719042070,4003182234,6562465,3743492.452,2656458.621,2859415.881,98.57142857,40.71428571,0,0
16245671.13,16778852,2956702.888,10525703.98,3481187.53,3152052.315,1652730.073,2774662.498,4220.820213,4286.129291,2138.242302,3490.952839,24941452573,25719266019,6400912200,17061452419,17815323.27,18370904.3,4572080.143,12186751.73,207.1428571,188.5714286,125.7142857,187.8571429
6919354.937,1419058.88,2267327.351,479792.7912,1570914.659,700804.5035,901783.8584,434438.593,2927.322287,1743.309102,1985.211686,1461.16226,11996902085,4254777277,5517491615,2988993209,8569215.775,3039126.626,3941065.439,2134995.149,112.8571429,0,42.14285714,0
3223649.68,1367790.202,918722.0341,1938887.104,1583170.536,961112.5473,856526.7899,1183743.041,2210.005238,1740.894332,1599.860564,1900.452925,6837772410,4242998307,3583375354,5056409848,4884123.15,3030713.076,2559553.824,3611721.32,99.28571429,0,0,39.28571429
180028.1427,87985.99922,115766.4099,98311.19148,258548.9402,161741.8299,187324.5572,167802.1805,1354.200007,1325.570179,1319.374359,1319.375904,2567400724,2459990819,2437048178,2437053887,1833857.66,1757136.299,1740748.698,1740752.776,0,0,0,0
49161616.83,55819521.26,5551390.343,25233979.04,5810651.912,5868173.746,2250697.461,4033191.807,7116.198088,7571.091884,2675.758072,5177.849375,70896385325,80250005242,10023553762,37534173804,50640275.23,57321432.32,7159681.259,26810124.15,252.8571429,231.4285714,167.1428571,225.7142857
110626.5413,124592.4169,68217.94488,91262.27237,139751.2092,131708.9587,101303.0765,107612.6643,1324.662047,1336.496601,1300.975577,1310.990921,2456621356,2500712432,2369552432,2406176074,1754729.54,1786223.166,1692537.451,1718697.196,0,0,0,0
10823458.38,5666692.167,1842834.385,5142734.133,2536356.792,1701061.083,1144138.898,1745415.659,3527.764418,2690.475017,1880.817736,2612.052852,17423170503,10134118147,4952465499,9551948145,12445121.79,7238655.819,3537475.357,6822820.104,157.1428571,117.8571429,12.14285714,122.1428571
118132695.8,118357433.7,114770674,118815160.8,1991953.645,1590339.181,1358203.722,1625072.195,10920.75122,10931.5526,10766.65953,10952.98686,166967930197,167298379103,162289340365,167955089472,119262807.3,119498842.2,115920957.4,119967921.1,170.7142857,142.8571429,122.8571429,142.8571429
114829.728,83937.4801,68337.01597,81129.73746,173231.1448,133337.6289,120635.0053,107906.4766,1333.31465,1319.228467,1309.751682,1304.904886,2488819136,2436509248,2401629257,2383887467,1777727.955,1740363.749,1715449.469,1702776.762,0,0,0,0
56449471.81,11453713.02,17650537.64,2905986.515,4827950.636,2125097.49,2741986.817,1185309.03,7619.37953,3618.962699,4390.104796,2133.501468,81276922183,18335647422,26982228172,6372559922,58054944.42,13096891.02,19273020.12,4551828.515,207.8571429,149.2857143,164.2857143,79.28571429
31702115.19,7107492.939,9188993.223,1466603.418,3784975.399,1795342.938,2035563.082,956515.0679,5780.387944,2967.078798,3294.779264,1765.969803,46778038704,12324979235,15197798554,4366109085,33412884.79,8803556.597,10855570.4,3118649.346,185,127.1428571,142.8571429,0
28587036.84,6428009.817,8730324.787,2139071.866,3590351.8,1697427.129,1985119.117,1147116.214,5495.1741,2837.155943,3219.940637,1939.804093,42275713748,11269235384,14515224792,5267975886,30196938.39,8049453.846,10368017.71,3762839.918,185.7142857,123.5714286,140,54.28571429
90395.34538,66967.12377,81135.61438,73378.70607,158997.6971,135646.549,108327.2549,107173.116,1317.471192,1312.777495,1308.062135,1313.789224,2430022480,2412738652,2395437168,2416458974,1735730.343,1723384.751,1711026.548,1726042.125,0,0,0,0
23606591.95,25147073.3,3097628.963,13663433.43,3965599.163,3755974.851,1514462.201,2988143.245,5020.49826,5172.907989,2172.911795,3906.439699,35287563891,37462567893,6610163936,21364379575,25205402.78,26758977.07,4721545.669,15260271.13,209.2857143,195.7142857,100.7142857,187.8571429
31530700.95,39635313.95,3671002.54,13038179.09,4470468.209,4827918.476,1503742.189,2732793.909,5767.274427,6428.407794,2312.008724,3824.284942,46566036044,57854197470,7483538078,20475217447,33261454.32,41324426.76,5345384.342,14625155.32,222.1428571,222.8571429,110,175
96397.46188,81820.02429,71829.49914,89834.68635,189624.1818,146805.785,131178.4445,122254.7532,1319.489232,1313.536518,1309.00802,1313.190724,2437472567,2415529457,2398902797,2414257829,1741051.834,1725378.184,1713501.998,1724469.878,0,0,0,0
23391647.56,5260685.331,7363071.477,2158229.878,3282767.595,1552625.415,1839848.997,1093198.281,4999.010244,2622.591774,2998.754885,1946.408965,34986144792,9629182657,12589543207,5303911001,24990103.42,6877987.612,8992530.862,3788507.858,178.5714286,109.2857143,127.8571429,45.71428571
16712522.88,8817631.349,2463825.085,8565482.597,2923860.779,2016472.052,1300918.206,2165476.161,4287.125759,3236.560668,2029.422233,3196.048821,25731226187,14665454939,5765976442,14300619293,18379447.28,10475324.96,4118554.601,10214728.07,173.5714286,136.4285714,62.14285714,150
29322545.22,5893856.246,9424470.233,1628288.081,3385563.892,1499442.178,1919327.648,859542.3098,5558.708649,2738.382059,3323.92337,1816.603814,43258938585,10498230824,15467853198,4620069182,30899241.85,7498736.303,11048466.57,3300049.416,187.8571429,105.7142857,135.7142857,0
5039913.78,2375151.957,1034267.599,2654661.196,1749885.274,1111555.52,874089.5577,1264327.247,2580.131181,1995.28282,1639.404606,2064.312618,9319907679,5573614945,3762706447,5965941221,6657076.914,3981153.532,2687647.462,4261386.587,115.7142857,53.57142857,0,71.42857143
1861147.679,940361.5278,525518.2782,1136531.99,1044014.028,669043.3524,618947.4766,781315.7426,1869.33253,1603.819911,1472.594134,1663.986795,4892165753,3601133629,3035946878,3876392874,3494404.109,2572238.306,2168533.484,2768852.053,32.14285714,0,0,0
3852697.11,1944274.224,923179.823,1894472.892,1380873.019,870704.9101,727876.9717,923032.4871,2342.791562,1889.328829,1605.22381,1874.334287,7684141224,4997388795,3607440874,4918380630,5488672.303,3569563.425,2576743.482,3513129.021,92.14285714,32.85714286,0,35
17545239.67,3520517.668,5840510.88,1269126.009,2761611.06,1212580.242,1622283.165,843660.5914,4392.604577,2289.558537,2741.352334,1709.463053,27012964961,7338909614,10521017664,4091169500,19294974.97,5242078.296,7515012.617,2922263.929,160,83.57142857,115,0
17999855.89,18431585.44,2987689.958,13435390.93,3550689.355,3291490.766,1633608.547,3095983.863,4438.507766,4487.084909,2150.667657,3887.963455,27580491665,28187503370,6475519921,21162763761,19700351.19,20133930.98,4625371.372,15116259.83,203.5714286,190,109.2857143,197.1428571
143346.1127,129796.9226,98122.03703,89815.75274,208052.0173,153484.1592,149745.6871,127387.9007,1336.0474,1330.843858,1319.42071,1313.068861,2499031716,2479603523,2437219412,2413809769,1785022.655,1771145.374,1740871.009,1724149.835,0,0,0,0
91868.38151,56875.27025,70089.09998,97168.65404,163233.8106,146358.2903,103186.8227,99643.96289,1306.942657,1302.498821,1298.85644,1321.610067,2391338752,2375104452,2361839274,2445314435,1708099.109,1696503.18,1687028.053,1746653.168,0,0,0,0
39849111.58,49348177.88,4773421.572,17639771.49,5441861.58,5658202.947,1856604.078,3589838.726,6438.66824,7138.421489,2530.54173,4388.704873,58039028178,71339885903,8965098024,26965022649,41456448.7,50957061.36,6403641.446,19260730.46,228.5714286,227.1428571,141.4285714,201.4285714
10786899.88,3131256.875,3055647.633,1181368.194,2250534.794,1197774.192,1202847.212,814637.8308,3530.490636,2189.710239,2171.060818,1673.588552,17450109785,6712763303,6598907104,3921258097,12464364.13,4794830.931,4713505.074,2800898.641,143.5714286,79.28571429,77.85714286,0
112159.6405,85905.65659,75668.01951,100855.1211,179920.7501,172179.7303,106638.4491,122338.7775,1319.692296,1309.54589,1310.716965,1319.297258,2438222859,2400874613,2405170548,2436763356,1741587.756,1714910.438,1717978.963,1740545.254,0,0,0,0
58682131.21,72085725.63,5250197.585,21321739.4,6262056.933,6634954.617,1905912.132,3806033.263,7766.19838,8584.726271,2626.422985,4790.52961,84439372183,103176535218,9657336773,32128843521,60313837.27,73697525.16,6898097.695,22949173.94,246.4285714,243.5714286,135.7142857,215
11465006.23,5722287.62,1713052.541,5653054.029,2383512.595,1650360.618,1019279.471,1765073.6,3620.357367,2718.090109,1825.568969,2695.702381,18349782447,10343219375,4665782886,10173535858,13106987.46,7388013.839,3332702.062,7266811.327,150.7142857,115.7142857,12.85714286,130
82150.92242,86976.18248,84355.22816,78945.72464,200773.5871,161493.2047,121595.4556,115120.1229,1318.743613,1316.526329,1317.83621,1307.062725,2434718602,2426538205,2431369188,2391778153,1739084.716,1733241.575,1736692.277,1708412.966,0,0,0,0
91234.48922,80871.00817,63909.11866,106627.487,203941.5718,159312.4134,131528.8742,122162.6002,1319.159229,1318.555043,1302.106265,1323.238413,2436253501,2434022361,2373673014,2451343856,1740181.072,1738587.401,1695480.724,1750959.897,0,0,0,0
19227621.11,4344844.309,5887568.834,1713362.422,3058060.695,1437884.849,1695552.117,971070.0021,4572.599346,2448.682186,2750.595835,1824.58931,29272130691,8394462224,10592088426,4660776608,20908664.78,5996044.446,7565777.447,3329126.149,170,104.2857143,125.7142857,10
5448971.576,2610756.568,1387329.705,3185547.839,1855448.47,1169520.573,1061232.734,1451166.137,2672.489934,2070.117282,1746.022677,2188.026047,9999083428,5999539787,4268033265,6702441178,7142202.448,4285385.562,3048595.19,4787457.984,122.1428571,63.57142857,0,95.71428571
50803274.24,56427370.31,6189683.462,22792377.22,6161528.903,6214858.881,2300542.88,4007929.551,7237.304763,7615.006338,2799.081958,4939.189067,73330012320,81183650131,10968803729,34153824102,52378580.23,57988321.52,7834859.806,24395588.64,264.2857143,249.2857143,169.2857143,225.7142857
5109151.49,2677397.366,889549.1169,2890843.554,1570844.477,1126970.906,715127.0516,1316036.31,2597.93059,2081.297887,1586.391426,2127.628216,9448940694,6064521252,3523292861,6337522555,6749243.353,4331800.894,2516637.758,4526801.825,101.4285714,52.85714286,0,84.28571429
16814110.05,4218726.346,5078432.026,1954111.279,2778856.304,1369315.578,1537341.961,1025389.391,4290.277256,2416.217002,2587.915101,1893.675242,25769070510,8173346439,9376226394,5020408293,18406478.94,5838104.599,6697304.567,3586005.924,166.4285714,99.28571429,109.2857143,44.28571429
5060875.881,2265238.093,1234824.689,2374928.455,1847945.808,1107526.378,972634.3119,1235729.778,2584.53192,1970.147067,1697.303876,2004.697278,9351727342,5434071251,4033176625,5626335649,6679805.244,3881479.465,2880840.446,4018811.178,122.8571429,47.14285714,0,67.85714286
5277242.445,3008252.659,714924.7096,3737006.018,1525158.193,1161866.773,572871.3363,1329308.95,2630.256959,2150.079018,1543.455964,2314.328881,9685552340,6471975698,3335158838,7498565439,6918251.672,4622839.784,2382256.313,5356118.171,105,75,0,92.85714286
34673128.91,7255996.774,10685798.01,1660450.724,3987394.014,1818044.955,2217406.987,965191.8151,6014.903049,2972.712078,3501.64216,1812.000189,50650682169,12371823939,17166096941,4596682557,36179058.69,8837017.1,12261497.81,3283344.683,204.2857143,130,150.7142857,6.428571429
36978493.25,43560244.36,4410699.546,15826534.62,5005115.016,5064147.408,1760836.612,3232323.539,6213.993031,6721.839172,2460.816828,4177.575813,54059193148,63256370604,8477867243,24432995548,38613709.39,45183121.86,6055619.46,17452139.68,221.4285714,216.4285714,129.2857143,187.1428571
559939.1696,280210.0825,314804.9682,424213.9485,656924.654,344069.0558,453754.2212,476848.967,1481.424955,1383.145984,1398.971514,1441.691594,3072467858,2678329937,2739969817,2909864514,2194619.899,1913092.812,1957121.298,2078474.653,0,0,0,0
50047888.61,57137650.6,5025186.018,19743031.65,6131902.776,6246252.386,1939942.839,3583115.746,7186.823607,7663.030595,2583.509579,4617.932213,72310606977,82210853052,9344330445,29855417099,51650433.55,58722037.89,6674521.747,21325297.93,255.7142857,244.2857143,143.5714286,203.5714286
39048774.29,48254374.18,4555319.244,13741223.01,4842577.347,5120197.889,1720966.835,2757020.345,6373.613187,7059.821515,2484.637059,3917.521714,56872123072,69777511755,8642789843,21485766935,40622945.05,49841079.83,6173421.317,15346976.38,225,222.8571429,125.7142857,163.5714286
481714.6024,313758.4772,203801.338,223882.1668,408667.1868,241497.0063,287535.801,286494.7975,1464.62458,1403.864577,1360.472492,1359.037496,3003175224,2759170051,2591239562,2585776081,2145125.16,1970835.75,1850885.402,1846982.915,0,0,0,0
19215020.9,8862934.61,4427375.295,12496598.18,3548423.894,2142574.861,1993272.081,2841140.895,4573.490644,3245.157774,2470.823044,3761.181559,29283543334,14743468573,8546953118,19805081412,20916816.67,10531048.98,6104966.513,14146486.72,233.5714286,147.8571429,150,187.1428571
70126153.1,79372434.2,7094788.055,26753010.37,7099170.085,7122001.988,2332583.703,4254096.966,8479.561208,9008.600885,2953.62594,5333.267821,100664141593,113616845867,12213468669,39821243914,71902958.28,81154889.91,8723906.192,28443745.65,254.2857143,247.1428571,166.4285714,220.7142857
4354077.077,2613285.427,795235.5868,2772443.672,1548906.978,1057836.548,766910.075,1206234.501,2446.257282,2070.181655,1547.784595,2099.115013,8377844566,5999912918,3353892015,6168797375,5984174.69,4285652.084,2395637.154,4406283.839,102.1428571,62.14285714,0,77.14285714
4181523.407,2261080.073,986281.4991,2897399.34,1548472.365,1090237.602,816629.5011,1318819.821,2413.656694,1985.929081,1609.625554,2131.938678,8156034091,5521480042,3627252194,6363227537,5825738.637,3943914.316,2590894.424,4545162.527,100.7142857,43.57142857,0,78.57142857
13241492.9,17246027.07,1593825.802,5589596.916,2850380.83,3108864.999,906159.4174,1816840.778,3863.729518,4353.40122,1792.415457,2684.745877,20899768103,26532943058,4497854438,10091004597,14928405.79,18952102.18,3212753.17,7207860.427,179.2857143,188.5714286,0,134.2857143
762571.6702,433027.4544,207838.6142,163724.0661,228234.6513,182953.4336,151397.5513,155826.3526,1567.331816,1463.59233,1354.376267,1346.834212,3439140629,2998943512,2568069102,2539547354,2456529.021,2142102.509,1834335.073,1813962.396,0,0,0,0
72630465.7,84807493.94,6821484.202,35389804.85,5309806.017,5688925.496,1773009.681,4557664.687,8651.808674,9326.96435,2912.798105,6083.115454,104795310653,121789169570,11878149920,51806011082,74853793.32,86992263.98,8484392.8,37004293.63,216.4285714,212.8571429,131.4285714,230.7142857
29384876.42,36904297.81,3357990.992,24092313.52,4195032.065,4486554.16,1346149.326,3862477.294,5568.577676,6205.258323,2239.668096,5059.232893,43412680272,53907323191,7022558452,35834172446,31009057.34,38505230.85,5016113.18,25595837.46,215.7142857,216.4285714,96.42857143,222.8571429
39147071.78,8904824.527,12347480.07,4156383.598,3815323.111,1757032.74,2174999.937,1286971.643,6385.927698,3246.612385,3741.492312,2424.053751,57092101597,14756688773,19598270607,8226451221,40780072.57,10540491.98,13998764.72,5876036.586,175.7142857,113.5714286,135.7142857,84.28571429
64858380.24,15202738.46,20834537.48,5255530.611,4686722.634,2161715.725,2721498.658,1503229.98,8151.923081,4105.660068,4737.087125,2606.669303,93035389884,23599022432,31415992196,9512614800,66453849.92,16856444.59,22439994.43,6794724.857,198.5714286,140.7142857,156.4285714,112.1428571
37210582.79,8053421.517,12875181.1,4464389.126,3496718.293,1691636.516,2005310.468,1332066.518,6231.066356,3118.562882,3804.293429,2460.418669,54356663104,13615608226,20261707893,8475124036,38826187.93,9725434.447,14472648.49,6053660.026,176.4285714,110,135.7142857,90.71428571
68383342.03,15446776.08,23041237.68,6269314.58,3881061.965,1820044.058,2229109.53,1371179.48,8365.947973,4132.971596,4967.543761,2805.831036,97984719676,23914035898,34547087422,11021762921,69989085.48,17081454.21,24676491.02,7872687.801,185,117.1428571,143.5714286,110
27511284.86,6144968.963,9570920.911,2781543.333,2505144.974,1221033.759,1470948.765,885187.7855,5397.929979,2792.561307,3345.927119,2097.181648,40792707278,10917758114,15673319596,6157439213,29137648.06,7798398.653,11195228.28,4398170.867,152.1428571,98.57142857,108.5714286,64.28571429
43129922.31,52374472.36,3822626.985,19759381.51,5106336.168,5366722.219,1524061.739,3421159.35,6670.424658,7331.568296,2332.533298,4624.110211,62292391160,75252651142,7616996219,29935353336,44494565.11,53751893.67,5440711.585,21382395.24,232.8571429,231.4285714,115,201.4285714
14639265.18,3581794.076,4783264.732,1687951.406,2319153.811,1121183.777,1325521.856,896609.3442,4035.673853,2290.493594,2532.314541,1831.255435,22801328823,7344905265,8977663710,4694895056,16286663.45,5246360.904,6412616.935,3353496.469,130.7142857,75,88.57142857,5
1972615.98,1042325.896,657232.6143,1510431.431,1192582.38,720578.4168,757903.5569,925231.2651,1897.942854,1638.15894,1512.635135,1761.611572,5043061908,3756990597,3203291071,4344585464,3602187.077,2683564.712,2288065.051,3103275.331,33.57142857,0,0,0
24750359.55,19834517.27,991373.5332,2513350.412,1661548.418,1169357.13,720423.4525,1056568.536,5126.112552,4621.403439,1624.107911,2034.8377,36787841859,29900317643,3692817109,5796790253,26277029.9,21357369.74,2637726.506,4140564.466,108.5714286,53.57142857,0,51.42857143
10536400.23,7923955.556,1076983.075,2913638.395,1709030.376,1203544.384,879198.8841,1287723.932,3493.783996,3095.814491,1652.048449,2130.054435,17089137256,13417694307,3820969707,6351984652,12206526.61,9584067.362,2729264.077,4537131.895,107.8571429,70,0,84.28571429
92105.93551,101379.8142,95941.34989,91715.42924,119043.6091,121292.2486,100699.4379,103245.0375,1317.307265,1322.576225,1316.343498,1315.268717,2429417801,2448891019,2425864288,2421904517,1735298.429,1749207.871,1732760.206,1729931.798,0,0,0,0
19855581.17,25344930.67,2501384.365,10814353.51,3198975.601,3295479.04,1023168.966,2525200.239,4645.554391,5202.36116,2035.844748,3546.579893,30213645834,37890386288,5802529371,17609520517,21581175.6,27064561.63,4144663.836,12578228.94,177.1428571,172.1428571,75.71428571,169.2857143
44276176.92,39898355.68,4922613.742,11290858.61,1868320.285,1421698.048,698064.2048,1333587.188,6774.094736,6485.319145,2468.504844,3646.131295,64243703285,58883110180,8530922628,18611982788,45888359.49,42059364.41,6093516.163,13294273.42,133.5714286,85,12.14285714,70.71428571
3382601.374,3424885.401,446831.8186,1786691.011,1106923.721,1020454.809,457531.2469,852744.0588,2269.355746,2277.343286,1447.035847,1856.566372,7209965702,7260809420,2931477840,4825574172,5149975.502,5186292.443,2093912.743,3446838.694,64.28571429,63.57142857,0,17.85714286
8898755.903,6181554.277,1103582.438,10565414.58,2318099.524,1831927.61,762361.2787,2664670.23,3232.920206,2769.345577,1677.854994,3489.021347,14632482283,10736984892,3941276333,17042577948,10451773.06,7669274.923,2815197.381,12173269.96,166.4285714,137.1428571,0,193.5714286
135661.43,74617.30209,106133.4524,585889.8108,124994.6117,126386.285,98090.29593,133268.0481,1330.34798,1314.721906,1314.42405,1493.249382,2477756046,2419891167,2418794817,3121711202,1769825.747,1728493.69,1727710.584,2229793.715,0,0,0,0
213004.0899,183939.3582,51598.52879,70701.88356,133272.6342,127357.215,102339.9666,102862.0153,1343.564552,1330.799982,1303.239215,1313.872066,2527231986,2479440031,2377805431,2416763729,1805165.705,1771028.593,1698432.451,1726259.806,0,0,0,0
4970957.861,3586833.878,606588.6495,1779816.782,1319107.941,1001891.428,594896.5212,1067684.035,2567.091288,2282.622521,1498.050506,1853.852234,9225940755,7294511803,3141817448,4811475349,6589957.682,5210365.574,2244155.32,3436768.106,75,27.14285714,0,22.14285714
35464405.86,7026145.769,11793701.57,2911076.703,3583757.562,1579908.628,2073118.455,1049457.775,6093.608368,2950.580342,3665.254678,2133.045453,51984888115,12188294095,18807728594,6369836064,37132062.94,8705924.354,13434091.85,4549882.903,167.8571429,108.5714286,132.8571429,63.57142857
237857.8727,185190.8119,74428.18575,147028.8163,144832.719,123597.1431,111390.9226,115481.8648,1372.179034,1352.196217,1310.461696,1338.356467,2636025423,2559808452,2404233800,2507677247,1882875.302,1828434.608,1717309.857,1791198.033,0,0,0,0
88890.95123,99309.32675,84510.06593,60715.94891,116467.2361,117154.5474,99441.21099,102931.4814,1312.740343,1319.282282,1311.680444,1303.851418,2412602090,2436708036,2408707822,2380039929,1723287.207,1740505.74,1720505.587,1700028.521,0,0,0,0
99592.93485,66464.68046,59913.91356,72577.02872,116044.3384,120096.2044,95454.85473,97378.13783,1325.607689,1310.807688,1307.179207,1309.838151,2460130043,2405503511,2392204470,2401946375,1757235.745,1718216.794,1708717.479,1715675.982,0,0,0,0
3271365.409,1964332.888,833604.1423,2097042.676,1465133.79,1028315.906,826157.787,1206297.15,2214.264094,1902.275227,1566.139144,1935.463916,6864151668,5066111456,3433908544,5244428799,4902965.477,3618651.04,2452791.817,3746020.571,91.42857143,22.85714286,0,58.57142857
81370.22396,68585.46824,99958.84976,89014.23176,119157.6759,116906.1282,95743.95507,103396.5118,1308.413237,1297.992629,1324.603314,1311.377996,2396723276,2358698811,2456403517,2407597148,1711945.197,1684784.865,1754573.94,1719712.248,0,0,0,0
134043.5458,74349.26587,82833.51527,86309.42277,115185.0083,114021.8167,97489.28599,100356.072,1329.702356,1298.230383,1322.002331,1318.324053,2475351696,2359562978,2446766230,2433169633,1768108.355,1685402.127,1747690.164,1737978.309,0,0,0,0
34427699.54,44384939.28,3873850.916,16180201.57,4617543.29,4987394.923,1713701.034,3006415.039,6009.034704,6788.130245,2343.897553,4211.625805,50551897307,64510197105,7691398032,24832908687,36108498.08,46078712.22,5493855.737,17737791.92,212.1428571,210.7142857,126.4285714,189.2857143
4551025.07,1632462.389,1256784.56,698141.2895,1112993.534,628448.3621,589668.8417,476487.5006,2496.828344,1812.341298,1711.592567,1539.570397,8727812492,4598413373,4101368760,3318387812,6234151.78,3284580.981,2929549.114,2370277.009,88.57142857,0,0,0
19835036.56,4829011.444,6347322.347,1832773.856,2647774.99,1197821.286,1559901.7,909225.6633,4644.544521,2561.804712,2828.07927,1868.634057,30200511333,9187980735,11197245297,4888510532,21571793.81,6562843.382,7998032.355,3491793.237,144.2857143,90,109.2857143,12.14285714
45030255.82,40289816.88,5874070.775,39682551.29,5536693.299,4960238,2301472.976,5152939.483,6818.158364,6465.041169,2731.707907,6421.906715,65082196866,58515460235,10447119322,57737240206,46487283.48,41796757.31,7462228.087,41240885.86,266.4285714,229.2857143,174.2857143,248.5714286
2741557.41,1280283.814,929438.0991,2001049.956,1513696.813,871247.8351,951908.8633,1128357.051,2101.138278,1718.299389,1603.858001,1908.365991,6180694887,4133573905,3601304684,5098605058,4414782.062,2952552.789,2572360.488,3641860.756,83.57142857,0,0,40.71428571
71305674.09,93897406.93,7937440.509,30012313.4,5937565.852,6408498.637,1974697.269,3834422.88,8549.27411,9781.220536,3092.920931,5620.2407,102326122925,133941185249,13392623841,44221947732,73090087.8,95672275.18,9566159.887,31587105.52,231.4285714,225.7142857,151.4285714,225
5982751.936,3858368.599,1106066.507,3275427.985,1692994.96,1273781.106,893102.8763,1455346.176,2761.121031,2350.35889,1650.381076,2219.293046,10673305089,7733861676,3813260776,6895366272,7623789.35,5524186.911,2723757.697,4925261.623,112.8571429,83.57142857,0,92.85714286
23309361.8,6166293.492,6724385.24,2563161.424,2815244.847,1314093.313,1569274.865,889199.4252,4990.206337,2785.759996,2893.730449,2099.750439,34863023001,10864642257,11723146278,6172532666,24902159.29,7760458.755,8373675.913,4408951.904,153.5714286,100,107.8571429,5.714285714
3962051.477,4057485.448,4001141.58,3931802.755,568173.8822,563345.9394,560218.5397,556896.6863,2319.458611,2336.307657,2328.916854,2312.264298,7531843545,7641666857,7593395201,7485192656,5379888.246,5458333.469,5423853.715,5346566.183,6.428571429,7.857142857,6.428571429,6.428571429
165380.8951,94120.36073,127945.1095,178474.8371,321954.2473,182039.8032,227291.8237,220892.9749,1329.042776,1313.810176,1317.986774,1349.414715,2472896582,2416536050,2431924792,2549288104,1766354.701,1726097.178,1737089.137,1820920.074,0,0,0,0
25803600.88,5682596.448,7775933.117,1541231.378,3112061.557,1427406.396,1725806.293,889159.1263,5233.877518,2702.663644,3065.010606,1778.049633,38350863419,10226147085,13152006021,4426044696,27393473.87,7304390.775,9394290.015,3161460.497,169.2857143,102.1428571,112.8571429,0
9581477.931,4405034.845,2147397.376,5882282.395,2562739.473,1554165.712,1384793.973,1940090.013,3349.15858,2458.788079,1945.70418,2736.938561,15703608471,8463894348,5300070658,10487165758,11216863.19,6045638.82,3785764.756,7490832.684,175.7142857,104.2857143,57.14285714,140.7142857
6077448.719,3585295.136,1629863.391,4656330.927,2043707.153,1355821.929,1208397.053,1687753.105,2772.911562,2278.282301,1810.659446,2501.659905,10764653941,7266798343,4589882680,8761623189,7689038.529,5190570.245,3278487.628,6258302.278,137.1428571,86.42857143,0,113.5714286
22190526.53,22529938.63,3189529.265,18675045.85,3819290.753,3601712.309,1571223.758,3346876.405,4873.266363,4905.214477,2203.628286,4498.172188,33248215068,33685580690,6798368673,28326974251,23748725.05,24061129.06,4855977.624,20233553.04,215.7142857,187.1428571,107.1428571,212.1428571
4732478.563,2345386.858,1628154.114,2988289.678,1875270.075,1220386.786,1150675.216,1417776.479,2521.323588,1991.235909,1809.840888,2152.568098,8899901690,5551028622,4585733657,6486969184,6357072.636,3965020.444,3275524.041,4633549.417,132.8571429,72.85714286,0,91.42857143
374799.3229,208740.4775,277756.0165,274209.5204,511795.3381,275876.6614,358298.2343,348849.4897,1415.410314,1353.649788,1387.523184,1382.121837,2804740900,2565314847,2695308822,2674365081,2003386.357,1832367.748,1925220.587,1910260.772,0,0,0,0
25204068.66,5279189.817,8289523.383,2724897.18,2879987.102,1318694.75,1675462.359,1028630.939,5183.456924,2629.559176,3157.385865,2086.216597,37615515962,9680414043,13956719702,6093219564,26868225.69,6914581.459,9969085.502,4352299.688,147.8571429,92.85714286,112.1428571,70
48101458.64,48049930.35,6712383.903,32741864.89,5998190.99,5606128.813,2460550.775,4742653.519,7052.040638,7049.277833,2887.476985,5861.915529,69623788015,69569245153,11672532678,48106875143,49731277.15,49692317.97,8337523.341,34362053.67,250.7142857,230,185,233.5714286
288874.5792,210640.5069,224882.1468,258171.5721,413740.3939,238107.7059,296561.6631,288252.7924,1396.715734,1366.810902,1367.696993,1381.468223,2731140776,2615440860,2618833092,2671836231,1950814.84,1868172.043,1870595.066,1908454.451,0,0,0,0
207480.4571,122529.0242,146529.5144,165005.8357,340235.345,198968.4834,243119.702,233202.0428,1358.969424,1332.530275,1331.891663,1346.114931,2585517052,2485891707,2483509561,2536835569,1846797.894,1775636.934,1773935.401,1812025.406,0,0,0,0
24185433.17,22088913.22,3842841.338,25735259,3977520.319,3458246.558,1770936.681,4161946.592,5082.799503,4867.794576,2350.753778,5239.140727,36168791105,33173593649,7736460653,38428033775,25834850.79,23695424.03,5526043.324,27448595.55,226.4285714,195.7142857,135,235.7142857
25093427.07,5784757.437,7393649.139,1868736.401,3197115.217,1559186.89,1733279.279,960745.5007,5170.046683,2724.56978,3006.886423,1864.44082,37421135783,10392592679,12657912348,4866595400,26729382.7,7423280.485,9041365.963,3476139.571,177.1428571,124.2857143,130.7142857,9.285714286
440730.2003,258315.3694,258991.8587,259865.9998,470075.4541,262708.818,350508.8952,313721.6136,1444.848882,1377.792415,1380.689466,1382.247304,2922623607,2657636713,2668824764,2674850654,2087588.29,1898311.938,1906303.403,1910607.61,0,0,0,0
32750928.03,36157057.55,4689115.618,21309394.21,4903192.786,4837284.417,2071058.923,3752335.199,5860.673471,6143.398222,2517.570804,4783.708118,48086490944,52837878398,8873427857,32037408695,34347493.53,37741341.71,6338162.755,22883863.35,233.5714286,215,155.7142857,212.1428571
48467988.57,11546852.13,13968044.17,3000327.357,4432771.374,2094604.979,2421668.251,1224288.446,7056.797934,3602.364801,3939.467333,2123.036732,69717755917,18167845028,21727164017,6310198954,49798397.08,12977032.16,15519402.87,4507284.967,205,145,154.2857143,85.71428571
160628.1572,91533.72505,128136.0871,158168.6254,325994.1889,196235.0727,235703.2884,226077.3329,1339.971432,1314.671454,1329.158728,1341.003583,2513732815,2419705446,2473328092,2517606853,1795523.439,1728361.033,1766662.923,1798290.609,0,0,0,0
248543.3313,126431.4284,170605.9108,190914.6733,381532.6141,234914.1642,274092.1065,271739.4017,1365.603769,1322.900907,1343.407707,1348.472916,2610823114,2450093532,2526641975,2545730886,1864873.653,1750066.808,1804744.268,1818379.204,0,0,0,0
159549.6736,102487.9181,128960.6488,182436.3227,307566.1756,186512.1254,211393.2609,216657.0054,1344.314828,1322.335312,1330.897167,1352.638345,2530055300,2447998947,2479802175,2561482689,1807182.357,1748570.677,1771287.268,1829630.492,0,0,0,0
11089645.34,2724758.662,3325064.296,1168249.784,2121131.948,1039925.474,1170023.461,767200.9389,3568.854435,2086.26699,2233.863763,1676.727045,17831410772,6093513938,6986206239,3935979016,12736721.98,4352509.956,4990147.313,2811413.583,130,69.28571429,82.14285714,0
31206922.02,33682541.02,4882618.71,20838757.36,4972750.898,4721483.239,2090141.52,3900368.44,5723.926205,5937.043361,2551.151574,4737.777719,45868663677,49347877417,9111724095,31425152803,32763331.2,35248483.87,6508374.353,22446537.72,239.2857143,224.2857143,157.1428571,224.2857143
54375573.79,58139051.84,7002562.334,40795020.48,6099873.531,5758644.237,2427953.737,5415644.284,7497.877997,7748.656369,2929.332037,6524.968629,78705444236,84058345740,12013380652,59605301858,56218174.45,60041675.53,8580986.18,42575215.61,254.2857143,235,187.1428571,242.1428571
2324410.783,1259898.323,613408.6839,1836367.513,1247989.465,841707.3813,668526.2917,1072720.643,1982.630371,1697.682501,1496.403052,1862.335516,5503152462,4034976224,3134910930,4855611003,3930823.187,2882125.874,2239222.093,3468293.574,65,0,0,27.85714286
4378285.023,2589811.754,827876.6552,2489104.587,1741312.435,1202140.946,862436.6865,1314181.989,2459.036137,2058.970513,1577.395645,2024.16207,8465602210,5935103405,3483447831,5736124921,6046858.722,4239359.575,2488177.022,4097232.086,124.2857143,70,0,80.71428571
38409992.59,46752529.37,4955866.097,17266482.96,4666312.576,4685415.737,1796668.146,3202386.234,6328.877255,6955.459322,2570.311196,4351.533942,56076562238,67729780140,9249099503,26510186708,40054687.31,48378414.39,6606499.645,18935847.65,220.7142857,212.1428571,139.2857143,196.4285714
4509520.996,2062345.777,1194198.342,2591956.223,1718431.923,1069495.354,953832.8708,1287810.064,2476.826149,1920.842677,1683.376928,2060.223261,8588534884,5165491226,3967261032,5942327839,6134667.774,3689636.59,2833757.88,4244519.885,110.7142857,44.28571429,0,73.57142857
22276172.91,23152339.03,3379750.478,16493384.83,4177821.756,3864842.555,1662437.854,3287751.663,4890.82026,4977.83192,2243.817536,4252.914681,33488171944,34690334869,7048603986,25322196596,23920122.82,24778810.62,5034717.133,18087283.28,218.5714286,202.8571429,117.1428571,197.8571429
12131603.29,3136960.704,3560663.799,1458995.621,2146132.204,1067546.233,1193167.986,814337.8332,3706.018186,2176.92774,2281.754066,1759.180587,19228399108,6634620141,7288962267,4332602871,13734570.79,4739014.387,5206401.619,3094716.336,140,76.42857143,88.57142857,0
27943427.02,6285116.221,8211209.005,1749068.595,3386433.953,1586272.013,1861968.235,929208.9914,5441.332049,2819.69213,3140.150509,1845.253571,41451332247,11130929192,13804763307,4766945037,29608094.46,7950663.709,9860545.219,3404960.741,177.1428571,110,123.5714286,11.42857143
5910085.34,2787286.196,1241496.088,3306724.202,1937559.838,1212834.971,1023058.948,1414425.681,2744.544091,2104.821267,1691.757883,2215.31491,10545531172,6202381593,4006862629,6870668210,7532522.265,4430272.567,2862044.735,4907620.15,135,78.57142857,0,92.85714286
18542077.39,3732699.056,5981487.916,1298885.361,2578721.864,1137971.78,1482942.759,743401.7805,4496.263965,2326.860402,2760.785189,1717.510781,28302945502,7579991061,10670708805,4129780598,20216389.64,5414279.329,7621934.861,2949843.285,145.7142857,80.71428571,103.5714286,0
4961510.04,2120077.467,1037183.599,1243052.925,1400849.033,922154.3904,650583.0942,754885.3023,2561.734775,1934.816029,1629.861131,1690.977886,9187479078,5240918294,3719026227,4003168693,6562485.056,3743513.067,2656447.305,2859406.209,98.57142857,40.71428571,0,0
16245717.04,16778857.2,2956693.404,10525723.16,3481189.189,3152045.641,1652725.939,2774666.996,4220.826769,4286.130803,2138.241042,3490.954567,24941530063,25719284160,6400904656,17061469308,17815378.62,18370917.26,4572074.754,12186763.79,207.1428571,188.5714286,125.7142857,187.8571429
6919338.702,1419062.801,2267344.713,479794.091,1570913.398,700796.7239,901790.0541,434451.4454,2927.318654,1743.310305,1985.216127,1461.167169,11996872300,4254783145,5517516297,2989013295,8569194.5,3039130.818,3941083.07,2135009.496,112.8571429,0,42.14285714,0
3223649.101,1367790.958,918723.2296,1938878.265,1583169.01,961116.6291,856532.6845,1183732.17,2210.004016,1740.893575,1599.861732,1900.447743,6837764853,4242994616,3583380585,5056382271,4884117.752,3030710.44,2559557.561,3611701.622,99.28571429,0,0,39.28571429
180029.4317,87987.34267,115764.2316,98311.42243,258543.8608,161743.2628,187322.8652,167810.8705,1354.199469,1325.568363,1319.375104,1319.372578,2567398684,2459984079,2437050930,2437041598,1833856.203,1757131.485,1740750.664,1740743.998,0,0,0,0
49161599.56,55819536.1,5551388.418,25233970.48,5810650.512,5868177.149,2250698.225,4033196.464,7116.197267,7571.092533,2675.758134,5177.847359,70896368951,80250019001,10023554231,37534144581,50640263.54,57321442.14,7159681.594,26810103.27,252.8571429,231.4285714,167.1428571,225.7142857
110625.083,124592.6277,68216.27006,91260.44751,139755.9742,131707.7162,101294.8686,107603.4722,1324.661572,1336.495736,1300.975799,1310.992034,2456619593,2500709193,2369553241,2406180157,1754728.281,1786220.852,1692538.029,1718700.112,0,0,0,0
10823489.11,5666677.467,1842825.119,5142741.007,2536358.188,1701059.96,1144138.466,1745414.035,3527.768351,2690.471731,1880.816399,2612.052647,17423209357,10134093389,4952458457,9551946645,12445149.54,7238638.135,3537470.326,6822819.032,157.1428571,117.8571429,12.14285714,122.1428571
118132693.3,118357422.2,114770670.4,118815146.5,1991952.541,1590338.686,1358201.402,1625071.048,10920.75149,10931.5518,10766.65927,10952.98566,166967938308,167298354605,162289332620,167955052850,119262813.1,119498824.7,115920951.9,119967894.9,170.7142857,142.8571429,122.8571429,142.8571429
114832.2894,83935.82182,68335.92749,81130.2135,173232.79,133339.4408,120628.1295,107911.201,1333.314586,1319.225514,1309.750387,1304.90939,2488818898,2436498338,2401624507,2383903921,1777727.785,1740355.956,1715446.076,1702788.515,0,0,0,0
56449431.5,11453712.2,17650491.36,2905999.099,4827947.829,2125098.331,2741979.515,1185311.231,7619.376576,3618.962971,4390.098778,2133.504034,81276859176,18335650175,26982154191,6372575247,58054899.41,13096892.98,19272967.28,4551839.462,207.8571429,149.2857143,164.2857143,79.28571429
31702152.76,7107500.555,9188992.161,1466599.021,3784976.477,1795349.427,2035557.62,956514.2932,5780.391736,2967.079367,3294.7799,1765.966211,46778100072,12324983961,15197804425,4366091319,33412928.62,8803559.972,10855574.59,3118636.657,185,127.1428571,142.8571429,0
28587034.57,6428005.691,8730324.82,2139056.88,3590351.049,1697429.02,1985119.912,1147111.177,5495.172742,2837.155731,3219.939949,1939.801844,42275692851,11269233696,14515218587,5267963671,30196923.47,8049452.64,10368013.28,3762831.194,185.7142857,123.5714286,140,54.28571429
90394.71338,66966.91926,81136.37296,73378.21921,158999.2044,135644.8941,108330.4223,107177.8117,1317.467299,1312.776203,1308.062226,1313.79417,2430008117,2412733901,2395437503,2416477170,1735720.083,1723381.358,1711026.788,1726055.121,0,0,0,0
23606573.22,25147069.31,3097639.315,13663423.57,3965598.757,3755975.878,1514463.593,2988140.219,5020.496961,5172.908709,2172.915254,3906.438135,35287545635,37462578315,6610184981,21364362466,25205389.74,26758984.51,4721560.701,15260258.9,209.2857143,195.7142857,100.7142857,187.8571429
31530704.16,39635262.49,3671008.88,13038174.65,4470468.365,4827917.395,1503749.039,2732788.686,5767.274696,6428.403567,2312.010321,3824.284307,46566040390,57854121387,7483548411,20475210640,33261457.42,41324372.42,5345391.722,14625150.46,222.1428571,222.8571429,110,175
96398.78249,81818.53858,71828.39534,89833.63567,189615.2015,146813.1918,131177.4474,122254.8018,1319.489924,1313.53597,1309.005967,1313.189531,2437475125,2415527444,2398895269,2414253442,1741053.661,1725376.746,1713496.621,1724466.744,0,0,0,0
23391638.63,5260695.924,7363085.754,2158229.185,3282767.88,1552631.116,1839850.527,1093203.932,4999.010407,2622.592938,2998.756335,1946.408605,34986147073,9629191209,12589555381,5303909043,24990105.05,6877993.721,8992539.558,3788506.459,178.5714286,109.2857143,127.8571429,45.71428571
16712487.14,8817619.175,2463824.665,8565474.394,2923856.978,2016462.632,1300917.104,2165481.274,4287.122471,3236.559011,2029.42194,3196.048853,25731186716,14665439921,5765974777,14300619578,18379419.08,10475314.23,4118553.412,10214728.27,173.5714286,136.4285714,62.14285714,150
29322557.45,5893849.963,9424481.317,1628293.517,3385560.022,1499434.007,1919325.783,859546.6245,5558.709218,2738.380127,3323.925387,1816.606259,43258947440,10498216005,15467871973,4620081619,30899248.17,7498725.718,11048479.98,3300058.299,187.8571429,105.7142857,135.7142857,0
5039910.757,2375165.86,1034265.448,2654654.827,1749888.36,1111558.361,874090.0057,1264329.731,2580.131076,1995.288044,1639.406854,2064.312928,9319906919,5573644128,3762716767,5965943012,6657076.371,3981174.377,2687654.833,4261387.865,115.7142857,53.57142857,0,71.42857143
1861147.666,940365.1672,525516.0513,1136529.69,1044014.213,669047.3168,618946.8439,781321.0436,1869.332222,1603.822334,1472.592686,1663.981365,4892164139,3601144511,3035940908,3876367577,3494402.957,2572246.079,2168529.22,2768833.984,32.14285714,0,0,0
3852705.817,1944290.853,923184.0138,1894477.636,1380877.242,870707.3663,727883.7445,923030.771,2342.794696,1889.334741,1605.222733,1874.335113,7684161785,4997420070,3607436033,4918384962,5488686.989,3569585.764,2576740.023,3513132.116,92.14285714,32.85714286,0,35
17545237.53,3520536.528,5840513.491,1269125.922,2761611.438,1212582.407,1622277.299,843658.2887,4392.604508,2289.562199,2741.353317,1709.464611,27012964109,7338933091,10521025213,4091176958,19294974.36,5242095.065,7515018.009,2922269.255,160,83.57142857,115,0
17999851.85,18431550.71,2987670.745,13435417.67,3550687.151,3291488.451,1633608.573,3095982.824,4438.506709,4487.08067,2150.661009,3887.96584,27580478526,28187450112,6475479886,21162789719,19700341.8,20133892.94,4625342.776,15116278.37,203.5714286,190,109.2857143,197.1428571
143348.8554,129795.527,98124.2968,89814.41475,208055.4619,153481.3567,149756.3157,127381.6136,1336.046344,1330.843996,1319.422092,1313.077021,2499027765,2479604039,2437224521,2413839768,1785019.832,1771145.742,1740874.658,1724171.263,0,0,0,0
91869.17374,56873.98423,70088.57376,97169.516,163233.179,146349.5082,103184.9322,99646.95593,1306.93894,1302.498245,1298.853608,1321.617096,2391325152,2375102348,2361828973,2445340447,1708089.394,1696501.677,1687020.695,1746671.748,0,0,0,0
39849101.41,49348172.26,4773431.292,17639759.76,5441865.182,5658202.639,1856602.441,3589842.358,6438.667642,7138.420544,2530.545843,4388.703797,58039017405,71339867008,8965127172,26965009419,41456441,50957047.86,6403662.266,19260721.01,228.5714286,227.1428571,141.4285714,201.4285714
10786914.75,3131253.63,3055657.866,1181367.18,2250534.984,1197774.462,1202842.312,814634.7158,3530.493588,2189.706773,2171.060821,1673.586878,17450138965,6712742054,6598907121,3921250255,12464384.98,4794815.753,4713505.087,2800893.039,143.5714286,79.28571429,77.85714286,0
112157.9867,85905.8346,75667.69302,100853.9414,179915.3064,172183.6055,106648.1472,122334.4269,1319.689577,1309.541486,1310.713512,1319.301219,2438212811,2400858464,2405157874,2436777988,1741580.579,1714898.903,1717969.91,1740555.706,0,0,0,0
58682112.23,72085731.51,5250205.631,21321689.54,6262057.905,6634954.48,1905913.181,3806026.045,7766.19647,8584.726643,2626.427362,4790.525079,84439330661,103176544147,9657368965,32128782741,60313807.62,73697531.53,6898120.689,22949130.53,246.4285714,243.5714286,135.7142857,215
11464993.02,5722278.003,1713050.403,5653048.559,2383501.868,1650359.115,1019279.463,1765077.765,3620.357513,2718.087502,1825.56982,2695.700686,18349783926,10343199535,4665787233,10173523066,13106988.52,7387999.668,3332705.166,7266802.19,150.7142857,115.7142857,12.85714286,130
82152.41736,86975.10131,84358.31992,78942.39486,200776.8875,161495.5568,121600.7347,115118.0668,1318.741639,1316.525545,1317.84014,1307.062364,2434711314,2426535316,2431383689,2391776833,1739079.51,1733239.511,1736702.635,1708412.023,0,0,0,0
91233.30741,80869.62086,63910.88263,106628.344,203935.7451,159315.9892,131531.0411,122165.0086,1319.157978,1318.550305,1302.109939,1323.235699,2436248880,2434004869,2373686410,2451333801,1740177.771,1738574.906,1695490.293,1750952.715,0,0,0,0
19227628.13,4344850.395,5887575.145,1713359.441,3058062.268,1437885.788,1695552.519,971074.595,4572.600577,2448.685093,2750.596418,1824.588323,29272146448,8394482156,10592092917,4660771566,20908676.03,5996058.683,7565780.655,3329122.547,170,104.2857143,125.7142857,10
5448934.759,2610752.116,1387328.853,3185554.139,1855438.896,1169517.277,1061236.061,1451168.451,2672.482,2070.11377,1746.021709,2188.026255,9999024058,5999519427,4268028533,6702442450,7142160.042,4285371.019,3048591.809,4787458.893,122.1428571,63.57142857,0,95.71428571
50803239.67,56427415.38,6189698.13,22792393.75,6161522.667,6214865.384,2300545.367,4007929.829,7237.301889,7615.010035,2799.082787,4939.191454,73329954095,81183728958,10968810231,34153857105,52378538.64,57988377.83,7834864.45,24395612.22,264.2857143,249.2857143,169.2857143,225.7142857
5109152.241,2677406.622,889546.3184,2890829.146,1570849.044,1126974.179,715127.5609,1316031.165,2597.929881,2081.29795,1586.388501,2127.626692,9448935534,6064521619,3523279867,6337513478,6749239.667,4331801.157,2516628.476,4526795.341,101.4285714,52.85714286,0,84.28571429
16814077.3,4218728.07,5078429.651,1954114.102,2778853.756,1369319.615,1537343.185,1025391.398,4290.27388,2416.215173,2587.914068,1893.67523,25769029953,8173334068,9376218910,5020408225,18406449.97,5838095.763,6697299.222,3586005.875,166.4285714,99.28571429,109.2857143,44.28571429
5060882.375,2265238.027,1234824.991,2374918.689,1847945.235,1107527.359,972636.873,1235722.908,2584.53242,1970.149276,1697.306501,2004.69426,9351730964,5434083436,4033189102,5626318705,6679807.831,3881488.169,2880849.359,4018799.075,122.8571429,47.14285714,0,67.85714286
5277270.286,3008245.213,714928.4743,3737000.567,1525164.519,1161873.079,572866.4253,1329307.457,2630.264728,2150.076231,1543.459812,2314.329229,9685609557,6471958917,3335175467,7498567693,6918292.54,4622827.798,2382268.19,5356119.78,105,75,0,92.85714286
34673171.85,7256022.002,10685811.61,1660454.79,3987399.097,1818044.365,2217406.491,965189.7954,6014.90642,2972.717773,3501.642479,1812.001744,50650738933,12371871339,17166100069,4596690447,36179099.24,8837050.956,12261500.05,3283350.319,204.2857143,130,150.7142857,6.428571429
36978514.59,43560211.94,4410678.47,15826565,5005111.035,5064137.811,1760832.606,3232321.178,6213.994525,6721.83675,2460.815972,4177.58017,54059219145,63256325010,8477861345,24433046513,38613727.96,45183089.29,6055615.246,17452176.08,221.4285714,216.4285714,129.2857143,187.1428571
559936.8193,280206.0462,314808.3961,424210.0784,656922.9431,344060.2566,453754.8048,476851.4364,1481.424928,1383.146472,1398.972744,1441.687395,3072467743,2678331827,2739974635,2909847562,2194619.817,1913094.162,1957124.739,2078462.544,0,0,0,0
50047856.56,57137665.51,5025172.843,19743009.21,6131904.085,6246250.708,1939930.462,3583106.186,7186.822085,7663.032339,2583.508076,4617.930795,72310576354,82210890475,9344319573,29855398763,51650411.68,58722064.62,6674513.981,21325284.83,255.7142857,244.2857143,143.5714286,203.5714286
39048750.02,48254396.16,4555319.011,13741235.28,4842572.225,5120192.587,1720975.834,2757021.138,6373.609915,7059.821293,2484.636806,3917.522293,56872064687,69777507370,8642788077,21485773280,40622903.35,49841076.69,6173420.055,15346980.91,225,222.8571429,125.7142857,163.5714286
481717.7813,313756.9909,203799.1711,223880.8388,408666.7745,241503.0989,287530.244,286497.6298,1464.626914,1403.861862,1360.472193,1359.035993,3003184797,2759159378,2591238421,2585770364,2145131.998,1970828.127,1850884.587,1846978.831,0,0,0,0
19214998.69,8862914.622,4427373.892,12496583.11,3548431.142,2142577.338,1993273.08,2841136.128,4573.487804,3245.153812,2470.822353,3761.179499,29283506971,14743432566,8546948343,19805059710,20916790.69,10531023.26,6104963.102,14146471.22,233.5714286,147.8571429,150,187.1428571
70126222.91,79372419.02,7094797.651,26753015.27,7099167.818,7122004.215,2332583.909,4254096.677,8479.565386,9008.600521,2953.627231,5333.268137,100664240783,113616836676,12213479351,39821248622,71903029.13,81154883.34,8723913.822,28443749.02,254.2857143,247.1428571,166.4285714,220.7142857